num_observations,balanced_accuracy,accuracy,f1_macro,recall,precision
200,0.9333936106088006,0.95,0.9259368982372982,0.9047619047619048,0.918997668997669
