num_observations,balanced_accuracy,accuracy,f1_macro,recall,precision
200,0.7975958414554906,0.77,0.7115987460815048,0.7975958414554906,0.6987847222222222
